id,name
3885,崔琰
17725,崔業
17726,崔休
32621,崔密
32622,崔諒
32623,崔遇
32624,崔瑜
32625,崔逞
32626,崔諲
32627,崔靈和
32628,崔宗伯
32629,崔寅
32630,崔敬禮
32631,崔長謙
32632,崔公華
32633,崔大質
32634,崔玄弼
32635,崔道郁
32636,崔綜
32637,崔結
32638,崔倕
32639,崔酆
32640,崔瓘
32641,崔邠
32642,崔鄯
32643,崔郾
32644,崔鄲
32645,崔璀
32646,崔璜
32647,崔彥融
32648,崔瑤
32649,崔瑾
32697,崔欽
32698,崔京
32699,崔瓊
94521,崔安潛
94569,崔鋌
94571,崔善為
94576,崔羣
94580,崔璞
138717,崔志
140040,崔氏(崔深女)
140325,崔氏(崔晊女)
140421,崔相
140715,崔諶
140927,崔永
140929,崔石
140982,崔傑
141008,崔澄
141038,崔氏(崔庭玉女)
141303,崔氏(崔庭實女)
141540,崔答
141581,崔氏(崔放女)
142009,崔氏(崔丕女)
142899,崔某
149088,崔公華
150268,崔志廉
151266,崔晊
151659,崔觀
152104,崔獎
152117,崔弘規
152868,崔君宙
152869,崔千里
152870,崔元緒
152873,崔倡
152874,崔明
152875,崔昭
152876,崔朋
152877,崔元綜
153823,崔元異
153824,崔法言
154224,崔偉
154225,崔穆
154363,崔元獎
154364,崔庭玉
155651,崔休
155935,崔紹
155936,崔貢
155937,崔濟
157327,崔士寧
157328,崔政
157538,崔漵
157540,崔放
158222,崔令同
158223,崔琚
158225,崔亮
158254,崔世濟
160582,崔丕
163956,崔某
163958,崔信
163959,崔和
169095,崔某
169563,崔某
169781,崔粲
170110,崔某
176899,崔儒
176900,崔伷
176903,崔思敬
176904,崔某
176905,崔希喬
177021,崔柅
177074,崔㥄
177075,崔瞻
177076,崔龍藏
177077,崔某
177078,崔子源
177079,崔叔封
177080,崔智藏
177081,崔某
177082,崔某
177083,崔忱
177084,崔瑛
177085,崔堙
177086,崔仲文
177087,崔{亻鹿}
177089,崔元譽
177090,崔元敬
177091,崔希古
177092,崔迴
177093,崔瑝
177094,崔綬
177095,崔璐
177096,崔賞
177097,崔元祚
177098,崔元德
177100,崔庭玉
177101,崔孝童
177102,崔嗣童
177103,崔惠童
177118,崔載
177119,崔元紀
177120,崔守默
177121,崔從一
177122,崔虔
177123,崔益
177124,崔昕
177125,崔審
177126,崔容
177127,崔邃
177128,崔暉
177129,崔誠
177130,崔黃
177131,崔龜從
177132,崔殷夢
177133,崔晊
177134,崔昈
177135,崔慶復
177165,崔子侃
177166,崔某
177167,崔某
177168,崔思隱
177169,崔子聿
177170,崔求言
177171,崔同
177172,崔張蒼
177173,崔某
177174,崔某
177175,崔某
177176,崔少通
177177,崔少容
177178,崔豐
177179,崔某
177180,崔某
177181,崔公輔
177182,崔子令
177183,崔世瑛
177184,崔某
177185,崔某
177186,崔奉節
177187,崔奉孝
177188,崔欽讓
177189,崔欽古
177190,崔欽善
177216,崔弘默
177217,崔沌
177218,崔道默
177219,崔某
177220,崔寬
177221,崔岳
177222,崔師本
177223,崔季長
177226,崔佶
177227,崔諲
177228,崔郕
177229,崔鍔
177230,崔行古
177231,崔璉
177232,崔瑊
177235,崔彥綽
177244,崔瑀
177245,崔義進
177250,崔璆
177255,崔琢
177256,崔仁穎
177257,崔瑄
177258,崔仁遇
177259,崔琛
177260,崔珮
177261,崔琪
177263,崔嶠
177264,崔伷
177265,崔諷
177266,崔道楨
177278,崔微
177279,崔敞
177280,崔務
177281,崔道猷
177282,崔瑩
177300,崔收
177301,崔志德
177302,崔玄機
177303,崔循禮
177304,崔融
177305,崔玄泰
177306,崔行溫
177311,崔綺
177312,崔鎮
177313,崔鵬
177314,崔絳
177315,崔顏
177316,崔謙
177317,崔邯
177318,崔鄠
177319,崔鄘
177320,崔坦
177321,崔璘
177322,崔郔
177323,崔路
177324,崔信
177325,崔元藻
177326,崔禮
177328,崔祐
177329,崔永
177330,崔威
177331,崔象
177332,崔廣
177333,崔暐
177334,崔參
177335,崔包
177336,崔述
177337,崔珏
177342,崔行集
189376,崔某
189560,崔瓌
190378,崔崇吉
192213,崔堪
192214,崔塤
193380,崔悼
194015,崔某
194400,崔長謙
194401,崔寅
350044,崔丹桂

